{
  "ADL-1A": [
    -34.908421,
    138.595378
  ],
  "ADL-1B": [
    -34.862535,
    138.572412
  ],
  "ADL-2A": [
    -34.841019,
    138.561055
  ],
  "ADL-2B": [
    -34.808527,
    138.517309
  ],
  "ADL-3A": [
    -34.785897,
    138.507343
  ],
  "ADL-6A": [
    -34.980207,
    138.569424
  ],
  "ADL-3B": [
    -34.873435,
    138.494842
  ],
  "ADL-5B": [
    -34.955747,
    138.549534
  ],
  "ADL-4A": [
    -34.893653,
    138.513253
  ],
  "ADL-4B": [
    -34.925051,
    138.530886
  ],
  "ADL-5A": [
    -34.919786,
    138.559803
  ],
  "ADL-6B": [
    -35.023417,
    138.569842
  ],
  "ADL-7A": [
    -34.968803,
    138.518135
  ],
  "ADL-7B": [
    -35.050037,
    138.515155
  ],
  "ADL-9A": [
    -34.984243,
    138.650306
  ],
  "ADL-16B": [
    -34.77736,
    138.729075
  ],
  "ADL-8A": [
    -35.006442,
    138.643645
  ],
  "ADL-10A": [
    -34.921333,
    138.632095
  ],
  "ADL-9B": [
    -34.964105,
    138.659208
  ],
  "ADL-23B": [
    -35.156638,
    138.49846
  ],
  "ADL-10B": [
    -34.914773,
    138.688409
  ],
  "ADL-18A": [
    -34.719129,
    138.634992
  ],
  "ADL-11A": [
    -34.893844,
    138.691834
  ],
  "ADL-13A": [
    -34.860635,
    138.60539
  ],
  "ADL-11B": [
    -34.852047,
    138.71788
  ],
  "ADL-12A": [
    -34.882713,
    138.592856
  ],
  "ADL-12B": [
    -34.85967,
    138.585586
  ],
  "ADL-14A": [
    -34.823919,
    138.7333
  ],
  "ADL-13B": [
    -34.839927,
    138.660724
  ],
  "ADL-15A": [
    -34.814432,
    138.566742
  ],
  "ADL-15B": [
    -34.810459,
    138.611181
  ],
  "ADL-16A": [
    -34.782551,
    138.610728
  ],
  "ADL-17A": [
    -34.757047,
    138.608132
  ],
  "ADL-20A": [
    -34.711779,
    138.567347
  ],
  "ADL-19A": [
    -34.680603,
    138.800551
  ],
  "ADL-20B": [
    -34.696805,
    138.49478
  ],
  "ADL-14B": [
    -34.799405,
    138.687151
  ],
  "ADL-21A": [
    -35.076576,
    138.575749
  ],
  "ADL-22A": [
    -35.121004,
    138.527583
  ],
  "ADL-23A": [
    -35.136535,
    138.566597
  ]
}
